Metric,r,r²
BPM,0.7490166891968089,0.5610260006953489
VORP,0.8934677855173411,0.7982846837572614
DARKO,0.7309087846597081,0.5342276514927315
CPM,0.7649444089708171,0.5851399488157126
