Column,Sum,Average
WS,1235.9,2.6984716157205244
BPM,-336.2,-0.734061135371179
VORP,304.4,0.6646288209606986
DARKO,-146.3,-0.3325
CPM,-101.0,-0.2205240174672489
Salary,5006128591.0,10930411.770742359
